{
    "properties": {
        "id": {
            "minimum": 0,
            "maximum": 99
        }
    },
    "geometricError": 70,
    "root": {
        "boundingVolume": {
            "region": [
                -1.319970476767974,
                0.6986942109000001,
                -1.3199295232320258,
                0.6987257891,
                0,
                20
            ]
        },
        "geometricError": 0,
        "refine": "add",
        "content": {
            "url": "batchedWithoutBatchTable.b3dm"
        }
    }
}
