{"properties":{"id":{"minimum":0,"maximum":99},"height":{"minimum":0.7289306027814746,"maximum":97.26047022268176}},"geometricError":40,"root":{"box":[-1.319970476767974,0.6986942109000001,-1.3199295232320258,0.6987257891,0,15],"geometricError":0,"content":{"url":"instancedWithBatchTable.i3dm"}}}
