{
    "properties": {
        "id": {
            "minimum": 0,
            "maximum": 99
        }
    },
    "geometricError": 240,
    "root": {
        "box": [
            -1.3199909535359484,
            0.6986784218000001,
            -1.3199090464640515,
            0.6987415782,
            0,
            88
        ],
        "geometricError": 70,
        "refine": "replace",
        "children": [
            {
                "box": [
                    -1.3199909535359484,
                    0.6986784218000001,
                    -1.3199090464640515,
                    0.6987415782,
                    0,
                    88
                ],
                "geometricError": 70,
                "refine": "add",
                "children": [
                    {
                        "box": [
                            -1.3199909535359484,
                            0.6986784218000001,
                            -1.31995,
                            0.69871,
                            0,
                            5
                        ],
                        "geometricError": 10,
                        "refine": "replace",
                        "children": [
                            {
                                "box": [
                                    -1.3199909535359484,
                                    0.6986784218000001,
                                    -1.31995,
                                    0.69871,
                                    0,
                                    5
                                ],
                                "geometricError": 0,
                                "content": {
                                    "url": "ll.b3dm"
                                }
                            }
                        ]
                    },
                    {
                        "box": [
                            -1.3199909535359484,
                            0.6986784218000001,
                            -1.31995,
                            0.69871,
                            0,
                            20
                        ],
                        "geometricError": 0,
                        "content": {
                            "url": "ll.b3dm"
                        }
                    }
                ]
            }
        ]
    }
}
