{
    "root": {
        "boundingVolume": {
            "region": [
                -1.3199909535359484,
                0.6986784218000001,
                -1.31995,
                0.69871,
                0,
                20
            ]
        },
        "geometricError": 0,
        "content": {
            "url": "ll.b3dm"
        }
    }
}
